t_unix,rss_kb,vsz_kb
1778481051,5236,114464
1778481052,20252,638752
1778481053,28288,638752
1778481054,35760,638752
1778481055,42760,638752
1778481056,50256,638752
1778481057,57728,638752
1778481058,64716,638752
1778481059,71664,638752
1778481060,79144,638752
1778481061,86672,638752
1778481062,93624,638752
1778481063,101636,638752
1778481064,109684,638752
1778481065,117592,638752
1778481066,124140,638752
1778481067,131948,638752
1778481068,139672,638752
1778481069,147096,638752
1778481070,154664,638752
1778481071,162656,638752
1778481072,170656,638752
1778481073,177676,638752
1778481074,185140,638752
1778481075,193220,638752
1778481076,200164,638752
1778481077,207096,638752
1778481078,214632,638752
1778481079,221584,638752
1778481080,228528,638752
1778481081,236064,638752
1778481082,244068,638752
1778481083,252100,638752
1778481084,258068,900896
1778481085,265524,900896
1778481086,272480,900896
1778481087,280528,900896
1778481088,286428,900896
1778481089,293356,900896
1778481090,300364,900896
1778481091,307320,900896
1778481092,312672,900896
1778481093,320172,900896
1778481094,326600,900896
1778481095,334064,900896
1778481096,340008,900896
1778481097,346960,900896
1778481098,350144,900896
1778481099,352812,900896
1778481100,355460,900896
1778481101,361388,900896
1778481102,367296,900896
1778481103,374768,900896
1778481104,382264,900896
1778481105,388156,900896
1778481106,396192,900896
1778481107,403048,900896
1778481108,410112,900896
1778481109,416520,900896
1778481110,423928,900896
1778481111,431536,900896
1778481112,438888,900896
1778481113,444348,900896
1778481114,450808,900896
1778481116,458316,900896
1778481117,466316,900896
1778481118,471704,900896
1778481119,479196,900896
1778481120,487216,900896
1778481121,494716,900896
1778481122,500492,900896
1778481123,507048,1163316
1778481124,514552,1163316
1778481125,521604,1163316
1778481126,527488,1163316
1778481127,535540,1163316
1778481128,542480,1163316
1778481129,548344,1163316
1778481130,555888,1163316
1778481131,563548,1163316
1778481132,570844,1163316
1778481133,576764,1163316
1778481134,584272,1163316
1778481135,591744,1163316
1778481136,599808,1163316
1778481137,605580,1163316
1778481138,613140,1163316
1778481139,620164,1163316
1778481140,627640,1163316
1778481141,632960,1163316
1778481142,640380,1163316
1778481143,647892,1163316
1778481144,654924,1163316
1778481145,659736,1163316
1778481146,667260,1163316
1778481147,675264,1163316
1778481148,682256,1163316
1778481149,688136,1163316
1778481150,696144,1163316
1778481151,703976,1163316
1778481152,709544,1163316
1778481153,717024,1163316
1778481154,725068,1163316
1778481155,732588,1163316
1778481156,737920,1163316
1778481157,745416,1163316
1778481158,753512,1425460
1778481159,760968,1425460
1778481160,766328,1425460
1778481161,774388,1425460
1778481162,781852,1425460
1778481163,789364,1425460
1778481164,789892,1425460
1778481165,792588,1425460
1778481166,796332,1425460
1778481167,803808,1425460
1778481168,811108,1425460
1778481169,816144,1425460
1778481170,822020,1425460
1778481171,829512,1425460
1778481172,836924,1425460
1778481173,842912,1425460
1778481174,846644,1425460
1778481175,854680,1425460
1778481176,861116,1425460
1778481177,868064,1425460
1778481178,872332,1425460
1778481179,880388,1425460
1778481180,886276,1425460
1778481181,894296,1425460
1778481182,898600,1425460
1778481183,906608,1425460
1778481184,914516,1425460
1778481185,922168,1425460
1778481186,926972,1425460
1778481187,934424,1425460
1778481188,942504,1425460
1778481189,949992,1425460
1778481190,954260,1425460
1778481191,962308,1425460
1778481192,970240,1425460
1778481193,976744,1425460
1778481195,982672,1425460
1778481196,990172,1425460
1778481197,998048,1425460
1778481198,1003664,1687604
1778481199,1010152,1687604
1778481200,1018160,1687604
1778481201,1025572,1687604
1778481202,1030496,1687604
1778481203,1037440,1687604
1778481204,1045476,1687604
1778481205,1053512,1687604
1778481206,1057792,1687604
1778481207,1065268,1687604
1778481208,1072796,1687604
1778481209,1080816,1687604
1778481210,1084580,1687604
1778481211,1092088,1687604
1778481212,1099560,1687604
1778481213,1106508,1687604
1778481214,1111256,1687604
1778481215,1118332,1687604
1778481216,1125680,1687604
1778481217,1132768,1687604
1778481218,1137592,1687604
1778481219,1144004,1687604
1778481220,1151492,1687604
1778481221,1159012,1687604
1778481222,1164356,1687604
1778481223,1170756,1687604
1778481224,1175072,1687604
1778481225,1177216,1687604
1778481226,1179360,1687604
1778481227,1186304,1687604
1778481228,1191100,1687604
1778481229,1197028,1687604
1778481230,1204528,1687604
1778481231,1210916,1687604
1778481232,1217888,1687604
1778481233,1220584,1687604
1778481234,1228076,1687604
1778481235,1235020,1687604
1778481236,1243084,1687604
1778481237,1245800,1818676
1778481238,1253796,1949748
1778481239,1260768,1949748
1778481240,1269364,1949748
1778481241,1271488,1949748
1778481242,1278440,1949748
1778481243,1286496,1949748
1778481244,1294512,1949748
1778481245,1298240,1949748
1778481246,1305768,1949748
1778481247,1313252,1949748
1778481248,1320728,1949748
1778481249,1325048,1949748
1778481250,1332020,1949748
1778481251,1339472,1949748
1778481252,1346980,1949748
1778481253,1351804,1949748
1778481254,1357164,1949748
1778481255,1364640,1949748
1778481256,1372160,1949748
1778481257,1378568,1949748
1778481258,1383368,1949748
1778481259,1390368,1949748
1778481260,1397860,1949748
1778481261,1405308,1949748
1778481262,1408536,1949748
1778481263,1416064,1949748
1778481264,1423528,1949748
1778481265,1431564,1949748
1778481266,1434264,1949748
1778481267,1442300,1949748
1778481268,1449772,1949748
1778481270,1457300,1949748
1778481271,1460508,1949748
1778481272,1467984,1949748
1778481273,1474436,1949748
1778481274,1482488,1949748
1778481275,1485672,1949748
1778481276,1492612,1949748
1778481277,1500580,2211892
1778481278,1507620,2211892
1778481279,1512424,2211892
1778481280,1516196,2211892
1778481281,1523708,2211892
1778481282,1531172,2211892
1778481283,1538140,2211892
1778481284,1540668,2211892
1778481285,1547276,2211892
1778481286,1554740,2211892
1778481287,1562256,2211892
1778481288,1566004,2211892
1778481289,1572972,2211892
1778481290,1579940,2211892
1778481291,1587948,2211892
1778481292,1592760,2211892
1778481293,1597020,2211892
1778481294,1604016,2211892
1778481295,1611524,2211892
1778481296,1612588,2211892
1778481297,1615248,2211892
1778481298,1619504,2211892
1778481299,1621648,2211892
1778481300,1628484,2211892
1778481301,1635608,2211892
1778481302,1642532,2211892
1778481303,1646308,2211892
1778481304,1651656,2211892
1778481305,1658612,2211892
1778481306,1665572,2211892
1778481307,1672780,2211892
1778481308,1674688,2211892
1778481309,1682152,2211892
1778481310,1689688,2211892
1778481311,1697184,2211892
1778481312,1699844,2211892
1778481313,1705700,2211892
1778481314,1713136,2211892
1778481315,1720200,2211892
1778481316,1726600,2211892
1778481317,1729284,2211892
1778481318,1736804,2211892
1778481319,1743760,2474036
1778481320,1750152,2474036
1778481321,1753392,2474036
1778481322,1759300,2474036
1778481323,1767312,2474036
1778481324,1773740,2474036
1778481325,1780180,2474036
1778481326,1782332,2474036
1778481327,1789788,2474036
1778481328,1796808,2474036
1778481329,1804300,2474036
1778481330,1806952,2474036
1778481331,1814424,2474036
1778481332,1821964,2474036
1778481333,1828380,2474036
1778481335,1833696,2474036
1778481336,1837896,2474036
1778481337,1844972,2474036
1778481338,1851932,2474036
1778481339,1859292,2474036
1778481340,1861032,2474036
1778481341,1868524,2474036
1778481342,1875984,2474036
1778481343,1881928,2474036
1778481344,1887272,2474036
1778481345,1891004,2474036
1778481346,1898464,2474036
1778481347,1905468,2474036
1778481348,1912964,2474036
1778481349,1914560,2474036
1778481350,1921496,2474036
1778481351,1929024,2474036
1778481352,1936524,2474036
1778481353,1940772,2474036
1778481354,1945088,2474036
1778481355,1951508,2474036
1778481356,1958452,2474036
1778481357,1965964,2474036
1778481358,1967584,2474036
1778481359,1974028,2474036
1778481360,1980952,2474036
1778481361,1987920,2474036
1778481362,1989004,2605108
1778481363,1992232,2736180
1778481364,1994368,2736180
1778481365,1998108,2736180
1778481366,2005576,2736180
1778481367,2013120,2736180
1778481368,2021124,2736180
1778481369,2021668,2736180
1778481370,2029132,2736180
1778481371,2036668,2736180
1778481372,2044692,2736180
1778481373,2047884,2736180
1778481374,2053268,2736180
1778481375,2060240,2736180
1778481376,2068244,2736180
1778481377,2074712,2736180
1778481378,2076308,2736180
1778481379,2084220,2736180
1778481380,2090076,2736180
1778481381,2097716,2736180
1778481382,2101496,2736180
1778481383,2106820,2736180
1778481384,2114288,2736180
1778481385,2121824,2736180
1778481386,2128244,2736180
1778481387,2129324,2736180
1778481388,2134644,2736180
1778481389,2140548,2736180
1778481390,2147504,2736180
1778481391,2154420,2736180
1778481392,2154972,2736180
1778481393,2161956,2736180
1778481394,2168912,2736180
1778481395,2176368,2736180
1778481396,2181764,2736180
1778481397,2183916,2736180
1778481398,2191408,2736180
1778481399,2198864,2736180
1778481400,2206940,2736180
1778481402,2208536,2736180
1778481403,2215492,2736180
1778481404,2223540,2736180
1778481405,2231564,2736180
1778481406,2235316,2867252
1778481407,2240112,2998324
1778481408,2247644,2998324
1778481409,2255668,2998324
1778481410,2262068,2998324
1778481411,2262608,2998324
1778481412,2270144,2998324
1778481413,2278156,2998324
1778481414,2285108,2998324
1778481415,2288876,2998324
1778481416,2293188,2998324
1778481417,2299056,2998324
1778481418,2307036,2998324
1778481419,2311896,2998324
1778481420,2315652,2998324
1778481421,2319420,2998324
1778481422,2326872,2998324
1778481423,2334388,2998324
1778481424,2341876,2998324
1778481425,2342720,2998324
1778481426,2350428,2998324
1778481427,2357416,2998324
1778481428,2364124,2998324
1778481429,2369148,2998324
1778481430,2371608,2998324
1778481431,2378840,2998324
1778481432,2386312,2998324
1778481433,2393784,2998324
1778481434,2395940,2998324
1778481435,2401308,2998324
1778481436,2408788,2998324
1778481437,2415744,2998324
1778481438,2422708,2998324
1778481439,2423240,2998324
1778481440,2430732,2998324
1778481441,2438256,2998324
1778481442,2445216,2998324
1778481443,2449480,2998324
1778481444,2453052,2998324
1778481445,2460748,2998324
1778481446,2467724,2998324
1778481447,2475172,2998324
1778481448,2476236,2998324
1778481449,2479464,2998324
1778481450,2481084,2998324
1778481451,2484312,3194932
1778481452,2490196,3260468
1778481453,2497648,3260468
1778481454,2503044,3260468
1778481455,2505188,3260468
1778481456,2512688,3260468
1778481457,2519072,3260468
1778481458,2526072,3260468
1778481459,2529824,3260468
1778481460,2533040,3260468
1778481461,2539868,3260468
1778481462,2546424,3260468
1778481463,2553924,3260468
1778481464,2556584,3260468
1778481465,2560320,3260468
1778481466,2567312,3260468
1778481467,2574280,3260468
1778481469,2580672,3260468
1778481470,2583324,3260468
1778481471,2587092,3260468
1778481472,2594080,3260468
1778481473,2601564,3260468
1778481474,2608940,3260468
1778481475,2610124,3260468
1778481476,2616016,3260468
1778481477,2622976,3260468
1778481478,2629940,3260468
1778481479,2636904,3260468
1778481480,2637436,3260468
1778481481,2644380,3260468
1778481482,2651884,3260468
1778481483,2659396,3260468
1778481484,2663664,3260468
1778481485,2665268,3260468
1778481486,2672752,3260468
1778481487,2679740,3260468
1778481488,2687212,3260468
1778481489,2690400,3260468
